ID;Компонент;Канал/тип;Категория;Блокирующий;Триггер показа;Регион/воркгруппа;Текст (ключи / хардкод);Язык в макете;Кнопки/действия;Источник;Заметки/проблемы
M-01;AgeControl;Модалка (overlay);Регуляторика / возраст;Нет (но гейтит вход);Вход, не WebView, cookie adult≠true;SIGAP_BRAZIL;age_control_title / age_control_descr / age_control_gray_btn / age_control_gold_btn;i18n-ключ;18+ (adult=true) / <18 (→блок);PDF dev-doc;Ключи без суффикса _key — расходится с другими
M-02;SigapBlockControl;Модалка confirm;Регуляторика / SIGAP;Нет;Событие sigap_block в gamblerSchedules, cookie sigapBlockEnabled≠false;SIGAP_BRAZIL;sigap_block_modal_text / sigap_block_gold_btn / sigap_block_gray_btn;i18n-ключ;Жёлтая→/profile?tab=payout / Серая→закрыть;PDF dev-doc;Предупреждение перед жёсткой блокировкой M-03
M-03;SigapBlockModal;Модалка жёсткая (без закрытия);Регуляторика / SIGAP;Да;sigap_block + страница game/sport/esport;SIGAP_BRAZIL;sigap_block_modal_title / _description / _entendi / _support;i18n-ключ;Жёлтая→/ / Серая→/profile/feedback;PDF dev-doc;Нет крестика, нет закрытия по клику вне
M-04;KycModalControl;Модалка (overlay);KYC / платёжный лимит;Нет;Авторизован, превышен глоб. платёжный лимит, есть баланс, cookie kycModalShowed нет;NONE_MEXICO;kyc_modal_title_key / kyc_modal_descr_key / gold_btn_kyc_title_key;i18n-ключ;CTA KYC;PDF dev-doc;Аналог по смыслу с M-05, но другой регион/логика
M-05;ReKycModalControl;Модалка (overlay);KYC / повторная верификация;Нет;Авторизован, статус ACTIVE, kycValid≠null;SIGAP_BRAZIL;rekyc_modal_title_key / _description_key / _btn_key;i18n-ключ;Подтвердить→KYC-контроллер внутри;PDF dev-doc;Закрывается когда kycValid=true
M-06;SessionControl;Модалка (overlay);Responsible Gaming / сессия;Да (требует решения);Авторизован, задан limitPeriod, достигнут таймаут;SIGAP_BRAZIL;sessionlimit_modal_title_key / _description_key / _logout_btn_key / _confirm_btn_key;i18n-ключ;Продлить / Выйти;PDF dev-doc;—
M-07;VerificationControl / SimpleReg;Модалка (overlay);Верификация / онбординг;Нет;Авторизован, есть email, статус UNVERIFIED;SIGAP_BRAZIL;success_identification_title_key... / simple_reg_title_key / simple_reg_description_key;i18n-ключ;Зависит от шага;PDF dev-doc;Show Simple Reg если requireUpdate=true и cookie не стоит
M-08;CookiePoliticMsg;Inline-баннер (низ экрана);Легал / cookie;Нет;Не iOS WebView, cookie cookiePoliticsAgreement нет;BCE;«This web-site uses cookies. See the details in the rules»;EN (хардкод);OK→cookie=agree;PDF dev-doc;Текст захардкожен, не через i18n
M-09;FirstBonusModalContainer;Модалка промо;Бонусы / онбординг;Нет;Только что завершил регистрацию, доступны бонусы, балансы загружены;НЕ SIGAP_BRAZIL;«¡Bienvenido a BetBoom!» / «¡Has alcanzado el Nivel 1!»;ES (хардкод);Activar bonificaciones / перейти к депозиту;PDF dev-doc;Конкурирует за показ с M-11/M-12 после рега
M-10;UpdateUserPassword;Модалка форма;Безопасность аккаунта;Да;account.passwordInvalidate=true, путь не game/sport/esport, нет активных игровых экранов;Все;update_user_password_modal_title / _description / _submit;i18n-ключ;Submit→getUserInfo→закрыть;PDF dev-doc;Остаётся открытой до успешного submit
M-11;CouponsAfterRegModal;Модалка промо;Бонусы / онбординг;Нет;showCouponsAfterRegModal=true, контент загружен, заданы лимиты;SIGAP_BRAZIL;«Coupons after registration» / «Go to coupons»;EN (хардкод);Жёлтая→specialProjects/coupons;PDF dev-doc;Текст захардкожен EN при регионе BRAZIL (PT ожидается)
M-12;LimitsAfterRegModal;Модалка форма (обязательная);Responsible Gaming / онбординг;Да;Залогинен, после успешной верификации, лимиты ещё не заданы;SIGAP_BRAZIL;limits_after_reg_confirm_title / _description / loss_amount_key / bets_amount_key / _confirm;i18n-ключ;Подтвердить→setGamblerLimits(force) + cookie adult=true;PDF dev-doc;Авто-закрытие если лимиты уже заданы
E-01;levelUpModal;Модалка event (socket);Геймификация;Нет;Notify типа level / unread;Все;«You have reached the level 1!»;EN (хардкод);Play;PDF dev-doc;Дублирует уровень из M-09 (Nivel 1) на другом языке
E-02;vipStatusUpModal;Модалка event (socket);Геймификация / VIP;Нет;Notify vipStatusUpdate;Все;«Congratulations, you have reached VIP gold status!»;EN (хардкод);More detailed;PDF dev-doc;На игровых страницах откладывается до смены роута
E-03;wagerWinModal;Модалка event (socket);Бонусы / выигрыш;Нет;Notify wager/freebet/freespin win;Все;«Your winning $141.99»;EN (хардкод);Get / Continue the game;PDF dev-doc;—
E-04;referralWinModal;Модалка event (socket);Бонусы / реферал;Нет;Notify referral;Все;«The amount of accrual ... Refer a friend $72.00»;EN (хардкод);Take;PDF dev-doc;—
E-05;availableBonusModal;Модалка event (socket);Бонусы;Нет;События availableBonusLight;Все;«Choose a bonus for activation» / «100FS to casino»;EN (хардкод);Choose / Activate;PDF dev-doc;—
E-06;cardsNewCardModal;Модалка event (анимация);Геймификация / cards;Нет;Ивент получения новой карточки;Все;(анимация, текст н/д);—;—;PDF dev-doc;Текст в материалах не зафиксирован
E-07;promoCodeInfoModal;Модалка event;Промокоды;Нет;Успешная активация промокода, isPopup=true;Все;«Promo activated / Your promocode was successfully activated»;EN (хардкод);Open promotions;PDF dev-doc;—
E-08;noDemoModeModal;Модалка event;Доступ к игре;Да (гейт);Запуск игры без демо-режима;Все;«Demo mode is not available... Please sign in or sign up»;EN (хардкод);Sign up / Sign in;PDF dev-doc;Два имени gameNoDemoModal/noDemoModeModal — дубль?
T-01;Alert: Atualização necessária;Алерт/баннер обновления;Системное / версия;Зависит;Доступно обновление приложения;BRAZIL;«Atualização necessária»;PT;Обновить;Figma;Нет в дев-доке
T-02;Alert: Nova versão disponível;Алерт/баннер обновления;Системное / версия;Нет;Доступна новая версия;BRAZIL;«Nova versão disponível»;PT;Обновить;Figma;Нет в дев-доке
T-03;Alert user block;Алерт;Системное / доступ;Да;Пользователь заблокирован/не зарегистрирован;BRAZIL;«Não cadastrado» и т.п.;PT;—;Figma;Нет в дев-доке
T-04;Toast: Deposit funds;Тост (success);Транзакции;Нет;Депозит подтверждён;—;«Operation confirmed»;EN;—;Figma;Иконка warning-оранжевая при success-сообщении
T-05;Toast: Favourite added;Тост (success);UI-действие;Нет;Игра добавлена в избранное;—;«Game added to favourites»;EN;—;Figma;—
T-06;Toast: Favourite removed;Тост (info);UI-действие;Нет;Игра удалена из избранного;—;«Remove game from favorites»;EN;—;Figma;Формулировка-команда вместо факта («Removed»)
T-07;Toast: Atenção geo;Тост (warning);Регуляторика / гео;Нет;Включены инструменты геолокации;BRAZIL;«O uso das ferramentas de geolocalização é proibido...»;PT;—;Figma;—
T-08;Toast: Erro ao processar;Тост (warning);Системное / ошибка;Нет;Ошибка обработки запроса;BRAZIL;«Erro ao processar a solicitação»;PT;—;Figma;Помечен warning, но по смыслу error
T-09;Toast: Error deposit;Тост (error);Транзакции;Нет;Ошибка при депозите;—;«Error occurred while depositing funds»;EN;—;Figma;Дублирует тему T-04 в обратном статусе
T-10;Toast: Error al inscribirse;Тост (error);Промо / розыгрыш;Нет;Ошибка записи в розыгрыш;MEXICO;«Ha surgido un problema al inscribirte...»;ES;—;Figma;—
T-11;Toast: Limite de perdas;Тост (error);Responsible Gaming;Нет;Достигнут лимит проигрышей;BRAZIL;«...o valor das suas perdas atingiu o limite estabelecido»;PT;—;Figma;Пересекается по смыслу с M-12/M-06
T-12;Toast: Limite de apostas;Тост (error);Responsible Gaming;Нет;Достигнут лимит ставок;BRAZIL;«...o valor das suas apostas atingiu o limite»;PT;—;Figma;Пересекается по смыслу с M-12/M-06
T-13;Toast: Wrong type of sport;Тост (error);Бонусы / ставки;Нет;Бонус не для этого вида спорта;—;«You cannot use the bonus for this type of sport»;EN;—;Figma;—
B-01;Bonus: Insufficient funds;Тост/попап;Бонусы / баланс;Нет;Недостаточно средств для игры;—;«To continue the game, top up your balance»;EN;—;Figma;Зелёная иконка при негативном сообщении (семантика цвета)
B-02;Bonus: Activation error;Тост (error);Бонусы;Нет;Ошибка активации бонуса;—;«Contact support»;EN;—;Figma;—
B-03;Bonus: Giros Grátis já ativos;Тост (error);Бонусы;Нет;FS уже активны в этой игре;BRAZIL;«Você já tem giros grátis ativos neste jogo»;PT;—;Figma;—
B-04;Bonus: Incorrect bet amount;Тост (error);Бонусы / ставки;Нет;Сумма ставки не равна сумме FB;—;«Bet the full amount of the FB»;EN;—;Figma;—
B-05;Bonus: Wager;Тост (info);Бонусы / вейджер;Нет;Ставка не идёт в отыгрыш;—;«The bet does not count towards the wager»;EN;—;Figma;Зелёная иконка при нейтрально-негативном сообщении
